<?xml version="1.0" encoding="utf-8"?>
<manifest identifier="_65AEV2AOnpL_course_id" version="1.0" xmlns="http://www.imsproject.org/xsd/imscp_rootv1p1p2" xmlns:adlcp="http://www.adlnet.org/xsd/adlcp_rootv1p2" xmlns:xsi="http://www.w3.org/2001/XMLSchema-instance" xsi:schemaLocation="http://www.imsproject.org/xsd/imscp_rootv1p1p2 imscp_rootv1p1p2.xsd http://www.imsglobal.org/xsd/imsmd_rootv1p2p1 imsmd_rootv1p2p1.xsd http://www.adlnet.org/xsd/adlcp_rootv1p2 adlcp_rootv1p2.xsd">
  <metadata>
    <schema>ADL SCORM</schema>
    <schemaversion>1.2</schemaversion>
    <lom xmlns="http://www.imsglobal.org/xsd/imsmd_rootv1p2p1" xmlns:xsi="http://www.w3.org/2001/XMLSchema-instance" xsi:schemaLocation="http://www.imsglobal.org/xsd/imsmd_rootv1p2p1 imsmd_rootv1p2p1.xsd">
      <general>
        <title>
          <langstring xml:lang="x-none">Game3</langstring>
        </title>
        <keyword>
          <langstring xml:lang="x-none">Banking, Finance</langstring>
        </keyword>
      </general>
      <lifecycle>
        <version>
          <langstring xml:lang="x-none">1</langstring>
        </version>
        <status>
          <source>
            <langstring xml:lang="x-none">LOMv1.0</langstring>
          </source>
          <value>
            <langstring xml:lang="x-none">Final</langstring>
          </value>
        </status>
      </lifecycle>
      <metametadata>
        <metadatascheme>ADL SCORM 1.2</metadatascheme>
      </metametadata>
      <educational>
        <typicallearningtime>
          <datetime>PT0H0M0S</datetime>
        </typicallearningtime>
      </educational>
      <rights>
        <cost>
          <source>
            <langstring xml:lang="x-none">LOMv1.0</langstring>
          </source>
          <value>
            <langstring xml:lang="x-none">yes</langstring>
          </value>
        </cost>
        <copyrightandotherrestrictions>
          <source>
            <langstring xml:lang="x-none">LOMv1.0</langstring>
          </source>
          <value>
            <langstring xml:lang="x-none">yes</langstring>
          </value>
        </copyrightandotherrestrictions>
      </rights>
    </lom>
  </metadata>
  <organizations default="Game3_ORG">
    <organization identifier="Game3_ORG">
      <title>Game3</title>
      <item identifier="game3_SCO" isvisible="true" identifierref="__65AEV2AOnpL_course_id_RES">
        <title>Game3</title>
        <adlcp:masteryscore>80</adlcp:masteryscore>
      </item>
    </organization>
  </organizations>
  <resources>
    <resource identifier="__65AEV2AOnpL_course_id_RES" type="webcontent" href="index_lms.html" adlcp:scormtype="sco">
      <file href="story_content/thumbnail.jpg" />
      <file href="story_content/5Xt70vXU1A9_80_DX1400_DY1400.jpg" />
      <file href="mobile/5Xt70vXU1A9_80_DX1400_DY1400_CX700_CY339.jpg" />
      <file href="story_content/6f80InRJiWH_80_DX1180_DY1180.swf" />
      <file href="mobile/6f80InRJiWH_80_DX1180_DY1180_CX316_CY885.png" />
      <file href="story_content/64Lb7d3mqjZ_80_DX1124_DY1124.swf" />
      <file href="mobile/64Lb7d3mqjZ_80_DX1124_DY1124_CX255_CY841.png" />
      <file href="story_content/6heOJ9OJ21w_80_DX1124_DY1124.swf" />
      <file href="mobile/6heOJ9OJ21w_80_DX1124_DY1124_CX315_CY842.png" />
      <file href="story_content/6ZShee0lnbm_80_DX1062_DY1062.swf" />
      <file href="mobile/6ZShee0lnbm_80_DX1062_DY1062_CX336_CY796.png" />
      <file href="story_content/6rHdAV2V9le_80_DX1124_DY1124.swf" />
      <file href="mobile/6rHdAV2V9le_80_DX1124_DY1124_CX460_CY843.png" />
      <file href="story_content/5iRIZl86h0a_X_80_DX1124_DY1124.swf" />
      <file href="mobile/5iRIZl86h0a_X_80_DX1124_DY1124_CX327_CY843.png" />
      <file href="story_content/6RV7fuYgWGp_80_DX1124_DY1124.swf" />
      <file href="mobile/6RV7fuYgWGp_80_DX1124_DY1124_CX358_CY841.png" />
      <file href="story_content/report.html" />
      <file href="story_content/5ok21XXmiJs_80_P_4_27_1013_774_DX734_DY734.swf" />
      <file href="mobile/5ok21XXmiJs_80_P_4_27_1013_774_DX734_DY734_CX272_CY208.png" />
      <file href="story_content/5qM43QZlfVd_X_80_DX1072_DY1072.swf" />
      <file href="mobile/5qM43QZlfVd_X_80_DX1072_DY1072_CX300_CY789.png" />
      <file href="story_content/65tELQv8x1P_80_DX1022_DY1022.swf" />
      <file href="mobile/65tELQv8x1P_80_DX1022_DY1022_CX255_CY766.png" />
      <file href="meta.xml" />
      <file href="story_content/FontFactory.swf" />
      <file href="story_content/fonts.swf" />
      <file href="story_content/frame.xml" />
      <file href="story_content/frame.json" />
      <file href="story_content/user.js" />
      <file href="story.swf" />
      <file href="story_content/frame.swf" />
      <file href="story_content/slides/6C7ugmOAUg8.swf" />
      <file href="story_content/slides/5iNhAa62PFz.swf" />
      <file href="story_content/slides/6FeOiIKoaHJ.swf" />
      <file href="story_content/slides/5bxwZiKV1sR.swf" />
      <file href="story_content/slides/6SVcyZSj2Ld.swf" />
      <file href="story_content/slides/61KF7BdRj1c.swf" />
      <file href="story_content/slides/6FPnIf35gZL.swf" />
      <file href="story_content/slides/6aY043LYOoo.swf" />
      <file href="story_content/data.swf" />
      <file href="html5/data/css/output.min.css" />
      <file href="html5/data/js/5bxwZiKV1sR.js" />
      <file href="html5/data/js/5iNhAa62PFz.js" />
      <file href="html5/data/js/61KF7BdRj1c.js" />
      <file href="html5/data/js/6aY043LYOoo.js" />
      <file href="html5/data/js/6C7ugmOAUg8.js" />
      <file href="html5/data/js/6FeOiIKoaHJ.js" />
      <file href="html5/data/js/6FPnIf35gZL.js" />
      <file href="html5/data/js/6SVcyZSj2Ld.js" />
      <file href="html5/data/js/data.js" />
      <file href="html5/data/js/frame.js" />
      <file href="html5/data/js/paths.js" />
      <file href="html5/lib/scripts/app.min.js" />
      <file href="html5/lib/stylesheets/main.min.css" />
      <file href="html5/lib/stylesheets/mobile-fonts/open-sans-bold.woff" />
      <file href="html5/lib/stylesheets/mobile-fonts/open-sans-light.woff" />
      <file href="html5/lib/stylesheets/mobile-fonts/open-sans-regular.woff" />
      <file href="story.html" />
      <file href="story_flash.html" />
      <file href="story_html5.html" />
      <file href="story_content/blank.html" />
      <file href="story_content/story.js" />
      <file href="index_lms.html" />
      <file href="index_lms_html5.html" />
      <file href="index_lms_flash.html" />
      <file href="lms/AICCComm.html" />
      <file href="lms/AICCFunctions.js" />
      <file href="lms/API.js" />
      <file href="lms/APIConstants.js" />
      <file href="lms/blank.html" />
      <file href="lms/browsersniff.js" />
      <file href="lms/Configuration.js" />
      <file href="lms/goodbye.html" />
      <file href="lms/lms.js" />
      <file href="lms/LMSAPI.js" />
      <file href="lms/NONEFunctions.js" />
      <file href="lms/SCORM2004Functions.js" />
      <file href="lms/SCORMFunctions.js" />
      <file href="lms/UtilityFunctions.js" />
    </resource>
  </resources>
</manifest>