﻿<?xml version="1.0" encoding="utf-8"?><meta xmlns:xsi="http://www.w3.org/2001/XMLSchema-instance" xmlns:xsd="http://www.w3.org/2001/XMLSchema"><project id="5XbUkfyh33F" courseid="5dOVNZJPVd2_course_id" thumburl="story_content/thumbnail.jpg" title="Game1" datepublished="2017-07-20T05:02:55" version="1.0.0.0" flashdata="story_content/data.swf" html5data="mobile/data.json" mobiledata="mobile/data.gz" enabledownload="false" duration="About 2 minutes" totalaudio="64164" totalvideo="0"><description>Practice Activity for Module
Keywords: Banking, Finance</description><keywords>Banking, Finance</keywords><slidemeta moniker="slide" monikerplural="slides" viewslides="3" slidecountdescription="3 slides" /><author name="Miami Dade College" email="mdcinfo@mdc.edu" website="http://www.mdc.edu/" /><application name="Articulate Storyline" version="3.7.12582.0" xmlversion="4.0" /></project></meta>